id,name,is_superhost,created_at,updated_at
69422661,Branislav,f,19-01-25 23:34,19-01-25 23:34
11418916,Nile,f,19-01-25 23:19,19-01-25 23:19
134377307,Anita,f,19-01-25 22:07,19-01-25 22:07
7688174,Tamara,f,19-01-25 21:15,19-01-25 21:15
184661493,Rina Neg,f,19-01-25 21:04,19-01-25 21:04
2587611,Klaus,f,19-01-25 20:20,19-01-25 20:20
1019199,Saskia,f,19-01-25 20:12,19-01-25 20:12
274694797,Yen,f,19-01-25 19:59,19-01-25 19:59
165957729,Jannick,f,19-01-25 19:56,19-01-25 19:56
195006466,Yanina,f,19-01-25 19:10,19-01-25 19:10
63463003,Friederike,f,19-01-25 19:08,19-01-25 19:08
11459975,Oliver & Anja,f,19-01-25 18:33,19-01-25 18:33
467817,Andreas,f,19-01-25 18:03,19-01-25 18:03
27150766,Tomer,f,19-01-25 17:22,19-01-25 17:22
58474737,Jonas,f,19-01-25 17:01,19-01-25 17:01
48273473,Marcel,f,19-01-25 16:52,19-01-25 16:52
19614775,Emre,f,19-01-25 16:49,19-01-25 16:49
21502676,Melanie,f,19-01-25 16:40,19-01-25 16:40
7846233,Dustin,f,19-01-25 16:39,19-01-25 16:39
142575003,Marlene,f,19-01-25 16:15,19-01-25 16:15
259418649,Anna,f,19-01-25 15:57,19-01-25 15:57
3268804,Courtney,f,19-01-25 15:50,19-01-25 15:50
11126428,Farah,f,19-01-25 15:43,19-01-25 15:43
38636780,Nicole,f,19-01-25 15:32,19-01-25 15:32
12757920,Karim,f,19-01-25 15:05,19-01-25 15:05
25504810,Nina,f,19-01-25 15:04,19-01-25 15:04
1325279,Monique,f,19-01-25 14:51,19-01-25 14:51
1819213,Eva,f,19-01-25 14:14,19-01-25 14:14
116235283,Levan,f,19-01-25 13:56,19-01-25 13:56
306477150,Mathis,f,19-01-25 13:27,19-01-25 13:27
26813578,Tamara,f,19-01-25 13:25,19-01-25 13:25
40070030,Wanja,f,19-01-25 13:16,19-01-25 13:16
89520978,Jonas,f,19-01-25 12:54,19-01-25 12:54
4920909,Timm,f,19-01-25 12:50,19-01-25 12:50
152414341,Hesham,f,19-01-25 12:45,19-01-25 12:45
85337726,Jill,f,19-01-25 12:41,19-01-25 12:41
1915791,Andrei,f,19-01-25 11:52,19-01-25 11:52
335854085,Sainab,f,19-01-25 11:37,19-01-25 11:37
86087723,Luca,f,19-01-25 11:33,19-01-25 11:33
9110422,Anja,f,19-01-25 11:28,19-01-25 11:28
2412944,Magdalena,f,19-01-25 11:23,19-01-25 11:23
41199304,Berit,f,19-01-25 11:21,19-01-25 11:21
150288766,Patrick,f,19-01-25 11:15,19-01-25 11:15
319033463,Anian,f,19-01-25 11:15,19-01-25 11:15
39102959,Manuela,f,19-01-25 11:15,19-01-25 11:15
21239469,Stefan,f,19-01-25 10:57,19-01-25 10:57
21239559,Tobias,f,19-01-25 10:50,19-01-25 10:50
19336587,Ayu,f,19-01-25 10:50,19-01-25 10:50
95407160,Marine,f,19-01-25 10:49,19-01-25 10:49
51671248,Layla,f,19-01-25 10:43,19-01-25 10:43
43935521,Johannes,f,19-01-25 10:36,19-01-25 10:36
45572867,Martin,f,19-01-25 10:31,19-01-25 10:31
18238569,Max,f,19-01-25 10:23,19-01-25 10:23
270932564,Ester,f,19-01-25 10:19,19-01-25 10:19
72766229,Oliver,f,19-01-25 10:13,19-01-25 10:13
77631123,Feng,f,19-01-25 10:07,19-01-25 10:07
210979600,Zejna,f,19-01-25 10:03,19-01-25 10:03
3410903,Theodor,f,19-01-25 9:39,19-01-25 9:39
82245405,Klemens,f,19-01-25 9:26,19-01-25 9:26
138694757,Jenny,f,19-01-25 9:26,19-01-25 9:26
149151975,Rita,f,19-01-25 8:39,19-01-25 8:39
63252838,Lukas,f,19-01-25 8:25,19-01-25 8:25
50814368,Nino,f,19-01-25 8:07,19-01-25 8:07
185127873,Angela,f,19-01-25 8:03,19-01-25 8:03
332515272,Torsten,f,19-01-25 7:38,19-01-25 7:38
19297176,Danny,f,19-01-25 7:33,19-01-25 7:33
78396686,Samira,f,19-01-25 7:04,19-01-25 7:04
343362459,Rohan,f,19-01-25 7:03,19-01-25 7:03
42476536,Gesine,f,19-01-25 7:02,19-01-25 7:02
3776656,Florian,f,19-01-25 6:45,19-01-25 6:45
183729511,Philipp,f,19-01-25 6:36,19-01-25 6:36
126621397,Samir,f,19-01-25 6:12,19-01-25 6:12
333116165,Stephanie,f,19-01-25 5:44,19-01-25 5:44
89268468,Renan,f,19-01-25 5:21,19-01-25 5:21
363700882,Maike,f,19-01-25 5:10,19-01-25 5:10
25395752,Vatti,f,19-01-25 3:21,19-01-25 3:21
32052575,Paola,f,19-01-25 2:09,19-01-25 2:09
345964111,Kristian,f,19-01-25 2:04,19-01-25 2:04
48268160,Reini,f,19-01-25 1:15,19-01-25 1:15
131496623,Alexia,f,19-01-25 1:14,19-01-25 1:14
71365406,Audrey,f,19-01-25 0:51,19-01-25 0:51
9139634,Pamela,f,19-01-25 0:43,19-01-25 0:43
369958333,Andreas,f,19-01-25 0:36,19-01-25 0:36
42350439,Jessy,f,19-01-25 0:35,19-01-25 0:35
277979335,Nicolas,f,19-01-25 0:34,19-01-25 0:34
131658946,Valentine,f,19-01-25 0:25,19-01-25 0:25
7775858,Jonas,f,18-01-25 23:48,18-01-25 23:48
57963738,Erguven,f,18-01-25 23:42,18-01-25 23:42
43917936,Stefanie,f,18-01-25 23:42,18-01-25 23:42
112840196,Zoe,f,18-01-25 23:41,18-01-25 23:41
68548589,George,f,18-01-25 23:19,18-01-25 23:19
141289136,Melouka,f,18-01-25 23:18,18-01-25 23:18
41296382,Federico,f,18-01-25 22:42,18-01-25 22:42
215514794,Britta,t,18-01-25 22:28,18-01-25 22:28
3208719,Reshef,f,18-01-25 22:26,18-01-25 22:26
42399854,Leni,f,18-01-25 21:52,18-01-25 21:52
351093370,Peter,f,18-01-25 21:39,18-01-25 21:39
9715630,Annette,f,18-01-25 21:06,18-01-25 21:06
123547522,Richard,f,18-01-25 21:02,18-01-25 21:02
12906416,Charlotte,f,18-01-25 20:35,18-01-25 20:35
235188041,Pedram,f,18-01-25 20:31,18-01-25 20:31
35146426,Clara,f,18-01-25 19:18,18-01-25 19:18
3743292,Marcelo,f,18-01-25 19:10,18-01-25 19:10
70162844,Ebram,f,18-01-25 19:09,18-01-25 19:09
21039758,Valentina,f,18-01-25 18:33,18-01-25 18:33
41848444,Amandara M.,f,18-01-25 18:20,18-01-25 18:20
30338608,Maria,f,18-01-25 17:54,18-01-25 17:54
1095067,Josh,f,18-01-25 17:48,18-01-25 17:48
159614605,Carlos,f,18-01-25 17:41,18-01-25 17:41
12895544,Alexandra,f,18-01-25 17:38,18-01-25 17:38
25561949,Frank,f,18-01-25 16:37,18-01-25 16:37
152068633,Philipp,f,18-01-25 16:32,18-01-25 16:32
80482488,Sonja,f,18-01-25 16:21,18-01-25 16:21
325856414,Markus,f,18-01-25 16:09,18-01-25 16:09
23937038,Simon,f,18-01-25 16:07,18-01-25 16:07
7133966,Vandana,f,18-01-25 15:40,18-01-25 15:40
62304690,Arne,f,18-01-25 15:32,18-01-25 15:32
3432145,Moritz,f,18-01-25 15:15,18-01-25 15:15
19520560,Ivan,f,18-01-25 15:10,18-01-25 15:10
28274520,Stef,f,18-01-25 15:08,18-01-25 15:08
41053818,Blk,f,18-01-25 14:54,18-01-25 14:54
2877982,Christian,f,18-01-25 14:06,18-01-25 14:06
21547435,Dominik,f,18-01-25 13:58,18-01-25 13:58
214951099,Karam,f,18-01-25 13:19,18-01-25 13:19
53158363,Christopher,f,18-01-25 13:12,18-01-25 13:12
45160095,Annette,f,18-01-25 12:53,18-01-25 12:53
22002533,Phillip,f,18-01-25 12:41,18-01-25 12:41
125905477,Matias,f,18-01-25 12:23,18-01-25 12:23
10867269,Resat,f,18-01-25 12:04,18-01-25 12:04
218761980,Hannes,f,18-01-25 11:49,18-01-25 11:49
73542338,Hannah,f,18-01-25 11:47,18-01-25 11:47
20073156,Jeroen,f,18-01-25 11:43,18-01-25 11:43
23538739,Virginio,f,18-01-25 11:22,18-01-25 11:22
9704111,Catherine,f,18-01-25 11:09,18-01-25 11:09
221307440,Arite,f,18-01-25 10:45,18-01-25 10:45
341396019,Lívia,f,18-01-25 10:43,18-01-25 10:43
22767895,Fabio,f,18-01-25 10:34,18-01-25 10:34
31452730,Mouna,f,18-01-25 10:33,18-01-25 10:33
46359595,Christian,f,18-01-25 10:22,18-01-25 10:22
51069713,Sebastian,f,18-01-25 10:16,18-01-25 10:16
19587639,Lila,f,18-01-25 10:16,18-01-25 10:16
9699051,David,f,18-01-25 9:55,18-01-25 9:55
48872858,Robin,f,18-01-25 9:43,18-01-25 9:43
144775899,Janes,f,18-01-25 9:34,18-01-25 9:34
174735694,Luciana,f,18-01-25 9:32,18-01-25 9:32
93328001,Christian,f,18-01-25 9:12,18-01-25 9:12
18084560,Folke,f,18-01-25 8:38,18-01-25 8:38
6923662,Stephan,f,18-01-25 8:36,18-01-25 8:36
207473068,Anne,f,18-01-25 8:36,18-01-25 8:36
154388151,Nick,f,18-01-25 8:35,18-01-25 8:35
18241865,Rafaela,f,18-01-25 8:28,18-01-25 8:28
11896083,Christina,f,18-01-25 7:53,18-01-25 7:53
101520347,Melanie,f,18-01-25 6:56,18-01-25 6:56
259317360,Domenico,f,18-01-25 6:51,18-01-25 6:51
22582175,Blacky,f,18-01-25 6:49,18-01-25 6:49
1174550,Molly,f,18-01-25 6:33,18-01-25 6:33
46149557,Lucia,f,18-01-25 6:04,18-01-25 6:04
216394478,Mustafa,f,18-01-25 5:59,18-01-25 5:59
39895198,Constanze,f,18-01-25 5:38,18-01-25 5:38
67060786,Javier,f,18-01-25 5:29,18-01-25 5:29
21353180,Nadine,f,18-01-25 5:17,18-01-25 5:17
5882316,Shane,f,18-01-25 4:37,18-01-25 4:37
145677064,Ammar,f,18-01-25 4:12,18-01-25 4:12
49469944,Hannes,f,18-01-25 3:59,18-01-25 3:59
5129180,Juliette,f,18-01-25 3:56,18-01-25 3:56
41906597,Greta,f,18-01-25 3:44,18-01-25 3:44
14882027,Madhuri,f,18-01-25 3:31,18-01-25 3:31
129636132,Isabelle,f,18-01-25 3:25,18-01-25 3:25
315280811,Ibrahima,f,18-01-25 3:04,18-01-25 3:04
39032040,Marco,f,18-01-25 3:02,18-01-25 3:02
14012917,Michael,f,18-01-25 2:37,18-01-25 2:37
105148945,Isabel,f,18-01-25 2:10,18-01-25 2:10
59426366,Carolina,f,18-01-25 2:03,18-01-25 2:03
143456084,Luis Abel,f,18-01-25 2:02,18-01-25 2:02
32916140,Dajana,f,18-01-25 1:58,18-01-25 1:58
25449632,Athanasios,f,18-01-25 0:59,18-01-25 0:59
70168685,Cyril,f,18-01-25 0:41,18-01-25 0:41
39830360,,t,18-01-25 0:30,18-01-25 0:30
68656621,Ido,f,17-01-25 23:20,17-01-25 23:20
157216702,Jose Enrique,f,17-01-25 23:11,17-01-25 23:11
35851817,Friederike,f,17-01-25 23:00,17-01-25 23:00
3667840,Magdalena,f,17-01-25 22:50,17-01-25 22:50
16657917,Vanessa,f,17-01-25 22:47,17-01-25 22:47
27000163,Kerstin,f,17-01-25 22:15,17-01-25 22:15
331152448,Sarah,f,17-01-25 22:12,17-01-25 22:12
40281005,Sabine G.,f,17-01-25 21:53,17-01-25 21:53
11726509,Philip,f,17-01-25 21:52,17-01-25 21:52
5411484,Naomi,f,17-01-25 21:31,17-01-25 21:31
49971189,Younes,f,17-01-25 21:12,17-01-25 21:12
3920003,Ferdinand,f,17-01-25 20:21,17-01-25 20:21
2685171,Özgür,f,17-01-25 19:49,17-01-25 19:49
39332038,Anton,f,17-01-25 19:41,17-01-25 19:41
38901699,Destina,f,17-01-25 19:35,17-01-25 19:35
26692001,Elena,f,17-01-25 19:31,17-01-25 19:31
12469994,Alessia,f,17-01-25 18:57,17-01-25 18:57
37802104,Johannes,f,17-01-25 18:42,17-01-25 18:42
41472652,Asiya,f,17-01-25 18:40,17-01-25 18:40
48658819,Rocinta,f,17-01-25 18:40,17-01-25 18:40
43770352,Corinne,f,17-01-25 18:34,17-01-25 18:34
34006291,Trajan,f,17-01-25 18:32,17-01-25 18:32
4594271,Christian,f,17-01-25 18:13,17-01-25 18:13
151496165,Fabian,f,17-01-25 17:54,17-01-25 17:54
41812675,Basak,f,17-01-25 17:40,17-01-25 17:40
4687616,Barbara,f,17-01-25 16:49,17-01-25 16:49
10697413,Tanin,f,17-01-25 16:27,17-01-25 16:27
68094397,Lydia Nadia,f,17-01-25 16:24,17-01-25 16:24
154459928,Cla,f,17-01-25 15:59,17-01-25 15:59
101316322,Andreas,f,17-01-25 15:58,17-01-25 15:58
178514024,Sukru,f,17-01-25 14:41,17-01-25 14:41
143939464,Vanessa,f,17-01-25 14:31,17-01-25 14:31
57241645,Klara,f,17-01-25 13:42,17-01-25 13:42
8950990,George,f,17-01-25 13:30,17-01-25 13:30
22232550,Sand,f,17-01-25 13:07,17-01-25 13:07
252938718,Anna,f,17-01-25 12:39,17-01-25 12:39
1003245,Maryna,f,17-01-25 12:38,17-01-25 12:38
12387913,Bertrand,f,17-01-25 12:08,17-01-25 12:08
275374141,Thomas,f,17-01-25 12:01,17-01-25 12:01
219284770,Alex,f,17-01-25 11:43,17-01-25 11:43
252025968,Kanchanjit,f,17-01-25 11:20,17-01-25 11:20
3182096,Marco,f,17-01-25 11:17,17-01-25 11:17
17036855,Catharina,f,17-01-25 11:16,17-01-25 11:16
22658976,Evans Akai,f,17-01-25 11:13,17-01-25 11:13
151072686,Enrico,f,17-01-25 11:05,17-01-25 11:05
121823771,Dandan,f,17-01-25 10:48,17-01-25 10:48
37070340,Frieder,t,17-01-25 10:24,17-01-25 10:24
21158428,Julie,f,17-01-25 9:36,17-01-25 9:36
39634813,Uta,f,17-01-25 9:28,17-01-25 9:28
154653929,Stefan,f,17-01-25 9:05,17-01-25 9:05
17204519,Suzan,f,17-01-25 9:03,17-01-25 9:03
38271725,Ardi,f,17-01-25 8:53,17-01-25 8:53
8196161,Alina,f,17-01-25 8:04,17-01-25 8:04
407253270,Luna-Marlou,f,17-01-25 7:57,17-01-25 7:57
270284539,Marlon,f,17-01-25 7:42,17-01-25 7:42
38523573,Thomas,f,17-01-25 7:24,17-01-25 7:24
159639261,Alex,f,17-01-25 7:19,17-01-25 7:19
198404989,Karina,f,17-01-25 6:58,17-01-25 6:58
77522210,Chloe,f,17-01-25 6:27,17-01-25 6:27
5021050,Natalie,f,17-01-25 5:32,17-01-25 5:32
297937835,Van Minh,f,17-01-25 5:04,17-01-25 5:04
7285808,Sefana,f,17-01-25 4:59,17-01-25 4:59
18137976,Ines,f,17-01-25 4:44,17-01-25 4:44
102047176,Alex,f,17-01-25 4:04,17-01-25 4:04
69245029,Ade,f,17-01-25 3:58,17-01-25 3:58
17807206,Fiona,f,17-01-25 3:46,17-01-25 3:46
182263499,Martin,f,17-01-25 3:32,17-01-25 3:32
49721186,Christian,f,17-01-25 2:20,17-01-25 2:20
157696761,Daniel,f,17-01-25 2:11,17-01-25 2:11
54782146,Mahdi,f,17-01-25 2:07,17-01-25 2:07
316803972,Dajana,f,17-01-25 1:22,17-01-25 1:22
34299847,David,f,17-01-25 1:04,17-01-25 1:04
76959766,Tomi,f,17-01-25 0:49,17-01-25 0:49
315582894,Katrin,f,17-01-25 0:47,17-01-25 0:47
322819820,Yujing,f,16-01-25 23:43,16-01-25 23:43
147333604,B,f,16-01-25 23:19,16-01-25 23:19
5237204,Chri,f,16-01-25 23:16,16-01-25 23:16
37267757,Nikolas,f,16-01-25 23:15,16-01-25 23:15
12786085,Lydia,f,16-01-25 22:55,16-01-25 22:55
63019606,Lexa,f,16-01-25 22:36,16-01-25 22:36
109155992,Emrah,f,16-01-25 22:29,16-01-25 22:29
333981476,Jonathan,f,16-01-25 22:24,16-01-25 22:24
380683890,Sircle,f,16-01-25 21:33,16-01-25 21:33
15005811,Annabelle,f,16-01-25 21:07,16-01-25 21:07
112519239,Ka Wing,f,16-01-25 21:05,16-01-25 21:05
16410152,Fırat,f,16-01-25 20:56,16-01-25 20:56
188345028,Ella,f,16-01-25 20:11,16-01-25 20:11
22978707,Samuel,f,16-01-25 18:50,16-01-25 18:50
53491919,Silvana,f,16-01-25 18:48,16-01-25 18:48
47128495,Jonas,f,16-01-25 18:47,16-01-25 18:47
145003509,Maiara,f,16-01-25 18:25,16-01-25 18:25
52064539,Isa,f,16-01-25 18:22,16-01-25 18:22
27126255,Anna,f,16-01-25 18:13,16-01-25 18:13
3283542,Yarin,f,16-01-25 17:59,16-01-25 17:59
901878,H.,f,16-01-25 17:53,16-01-25 17:53
21669155,Coco,f,16-01-25 16:36,16-01-25 16:36
337663510,Melanie,f,16-01-25 16:24,16-01-25 16:24
150690907,Mara,f,16-01-25 15:42,16-01-25 15:42
16876647,David,f,16-01-25 15:39,16-01-25 15:39
19362010,Jai,f,16-01-25 15:18,16-01-25 15:18
352901812,Helena,f,16-01-25 14:46,16-01-25 14:46
50821931,Gabriel,f,16-01-25 14:41,16-01-25 14:41
147499255,Diana,f,16-01-25 14:33,16-01-25 14:33
14917695,Peter,f,16-01-25 14:27,16-01-25 14:27
6267519,Christopher,f,16-01-25 14:21,16-01-25 14:21
11662035,Maxim,f,16-01-25 13:47,16-01-25 13:47
312172749,Aletto Hotel Kudamm,f,16-01-25 13:37,16-01-25 13:37
37211535,Rachel,f,16-01-25 13:37,16-01-25 13:37
262470855,Marta,f,16-01-25 13:16,16-01-25 13:16
2692472,Ιάσων,f,16-01-25 13:16,16-01-25 13:16
18314951,Camille,f,16-01-25 13:15,16-01-25 13:15
205705714,Natalie,f,16-01-25 13:14,16-01-25 13:14
35120985,Ta,f,16-01-25 13:13,16-01-25 13:13
146921416,Josef,f,16-01-25 13:11,16-01-25 13:11
75158426,Florian,f,16-01-25 12:36,16-01-25 12:36
31647635,Charlotte,f,16-01-25 11:20,16-01-25 11:20
25188349,Tobias,f,16-01-25 11:09,16-01-25 11:09
45719851,Julia,f,16-01-25 11:09,16-01-25 11:09
28285870,Justin,f,16-01-25 10:25,16-01-25 10:25
11716605,Adelina,f,16-01-25 10:10,16-01-25 10:10
3669572,Anna,f,16-01-25 10:07,16-01-25 10:07
235520461,Ralf,f,16-01-25 9:45,16-01-25 9:45
15855118,Stinne Maria,f,16-01-25 8:45,16-01-25 8:45
9964887,Ella,f,16-01-25 8:42,16-01-25 8:42
419013732,Alfouad,f,16-01-25 8:12,16-01-25 8:12
24864601,Manaf,f,16-01-25 7:53,16-01-25 7:53
35630833,Sylvia,f,16-01-25 7:39,16-01-25 7:39
73828853,Moritz,f,16-01-25 7:32,16-01-25 7:32
132302162,Khaled,f,16-01-25 7:30,16-01-25 7:30
47554561,Robert,f,16-01-25 7:20,16-01-25 7:20
271714786,Celio,f,16-01-25 7:19,16-01-25 7:19
36364923,Ma,f,16-01-25 7:00,16-01-25 7:00
46279782,Nash,f,16-01-25 6:34,16-01-25 6:34
142948812,Ali,f,16-01-25 6:24,16-01-25 6:24
115472189,Rouven,f,16-01-25 6:04,16-01-25 6:04
85312132,Sophie,f,16-01-25 5:26,16-01-25 5:26
36784064,Mäwia,f,16-01-25 5:05,16-01-25 5:05
697166,Anton,f,16-01-25 5:04,16-01-25 5:04
44108734,Emma,f,16-01-25 4:16,16-01-25 4:16
8329189,Thomas,f,16-01-25 4:00,16-01-25 4:00
3282971,Sarah,f,16-01-25 2:31,16-01-25 2:31
116736663,Coline,f,16-01-25 2:11,16-01-25 2:11
16288216,Alex,f,16-01-25 2:09,16-01-25 2:09
348779246,Selvi,f,16-01-25 1:47,16-01-25 1:47
30513815,,t,16-01-25 0:34,16-01-25 0:34
30106645,Gero,f,16-01-25 0:32,16-01-25 0:32
5226014,Aline,f,16-01-25 0:10,16-01-25 0:10
141545714,Novasol,f,16-01-25 0:00,16-01-25 0:00
24497738,Simon,f,15-01-25 23:22,15-01-25 23:22
24059884,Juliane,f,15-01-25 23:05,15-01-25 23:05
13055420,Nicolas,f,15-01-25 22:30,15-01-25 22:30
45151605,Maike,f,15-01-25 22:24,15-01-25 22:24
32299,Simon,f,15-01-25 21:27,15-01-25 21:27
392608800,Anna,f,15-01-25 21:27,15-01-25 21:27
1030258,Jakob,f,15-01-25 21:21,15-01-25 21:21
63367802,Moritz,f,15-01-25 20:38,15-01-25 20:38
45352166,Katharina,f,15-01-25 20:18,15-01-25 20:18
34821755,Leif,f,15-01-25 19:15,15-01-25 19:15
11805050,Lea,f,15-01-25 18:52,15-01-25 18:52
12362846,Rosbeh,f,15-01-25 18:51,15-01-25 18:51
10367336,Kamil,f,15-01-25 18:16,15-01-25 18:16
22836752,Josi,f,15-01-25 17:43,15-01-25 17:43
2952669,Hannah,f,15-01-25 17:39,15-01-25 17:39
7575304,Mona,f,15-01-25 17:35,15-01-25 17:35
166423400,Gvantsa,f,15-01-25 17:33,15-01-25 17:33
22319933,Christian,f,15-01-25 17:08,15-01-25 17:08
392512441,Jeannine,f,15-01-25 16:45,15-01-25 16:45
24930281,Wula,f,15-01-25 16:30,15-01-25 16:30
66352019,Liubov,f,15-01-25 16:24,15-01-25 16:24
75559255,Luise,f,15-01-25 16:00,15-01-25 16:00
61060190,Romain,f,15-01-25 15:37,15-01-25 15:37
91457234,Ella,f,15-01-25 15:09,15-01-25 15:09
227835898,Zviad,f,15-01-25 14:53,15-01-25 14:53
137948494,Salina,f,15-01-25 14:24,15-01-25 14:24
18483802,Kiki,f,15-01-25 14:23,15-01-25 14:23
2414122,Manuel,f,15-01-25 12:44,15-01-25 12:44
13497890,Nadia,f,15-01-25 12:33,15-01-25 12:33
12046288,Anita,f,15-01-25 12:14,15-01-25 12:14
221731912,Annika,f,15-01-25 11:54,15-01-25 11:54
3248348,Mariya,f,15-01-25 11:44,15-01-25 11:44
239572037,Ana,f,15-01-25 11:27,15-01-25 11:27
45848709,Belinda,f,15-01-25 11:18,15-01-25 11:18
14405869,Julie,f,15-01-25 11:00,15-01-25 11:00
64328126,Henriette,f,15-01-25 10:53,15-01-25 10:53
51720664,Stefanie,f,15-01-25 10:40,15-01-25 10:40
26347897,Inken,f,15-01-25 10:37,15-01-25 10:37
61700071,Data,f,15-01-25 9:03,15-01-25 9:03
338742183,Louise,f,15-01-25 9:02,15-01-25 9:02
10559337,Maria,f,15-01-25 8:54,15-01-25 8:54
876545,Marta,f,15-01-25 8:31,15-01-25 8:31
340980455,Appartments,f,15-01-25 8:30,15-01-25 8:30
160823100,GaboTest,f,15-01-25 8:11,15-01-25 8:11
143275455,Eugen,f,15-01-25 8:10,15-01-25 8:10
128953448,Lew,f,15-01-25 8:06,15-01-25 8:06
37702973,Alicia,f,15-01-25 7:52,15-01-25 7:52
35121227,Nora,f,15-01-25 7:40,15-01-25 7:40
52662658,Andrew,f,15-01-25 7:23,15-01-25 7:23
65226110,Maik,f,15-01-25 6:58,15-01-25 6:58
23101703,Kay,f,15-01-25 6:53,15-01-25 6:53
133340583,Roni,f,15-01-25 6:26,15-01-25 6:26
406120938,Kimberley,f,15-01-25 5:11,15-01-25 5:11
192018470,Flo,f,15-01-25 5:05,15-01-25 5:05
42406759,Sarah,f,15-01-25 4:52,15-01-25 4:52
177597446,Yvonne,f,15-01-25 4:50,15-01-25 4:50
59933257,Andreas,f,15-01-25 4:21,15-01-25 4:21
716475,Hanya,f,15-01-25 3:41,15-01-25 3:41
47458713,Ayelen,f,15-01-25 3:38,15-01-25 3:38
166294,Ann-Kristin,f,15-01-25 3:17,15-01-25 3:17
20025390,Janine,f,15-01-25 3:15,15-01-25 3:15
111970749,Jörg,f,15-01-25 3:03,15-01-25 3:03
33971648,Britt,f,15-01-25 2:27,15-01-25 2:27
113208327,Gianna,f,15-01-25 2:15,15-01-25 2:15
276815132,Bryn,f,15-01-25 1:18,15-01-25 1:18
276573275,Iman,f,15-01-25 1:11,15-01-25 1:11
22894989,Nigel,f,15-01-25 0:57,15-01-25 0:57
228579126,Negin,f,15-01-25 0:54,15-01-25 0:54
35756433,Guillaume,f,15-01-25 0:35,15-01-25 0:35
18028880,Miri,f,15-01-25 0:10,15-01-25 0:10
28801423,Jan,f,15-01-25 0:01,15-01-25 0:01
7715690,Hoai,f,14-01-25 23:59,14-01-25 23:59
62303873,Luisa,f,14-01-25 23:48,14-01-25 23:48
30399447,Julia,f,14-01-25 23:47,14-01-25 23:47
47479755,Katja,f,14-01-25 23:01,14-01-25 23:01
27453143,Mia,f,14-01-25 22:34,14-01-25 22:34
50214277,Giuseppe,f,14-01-25 22:31,14-01-25 22:31
189137873,Leticia,f,14-01-25 22:28,14-01-25 22:28
118543115,Carolin,f,14-01-25 21:52,14-01-25 21:52
203997165,Osman,f,14-01-25 21:44,14-01-25 21:44
1179162,Anna,f,14-01-25 21:36,14-01-25 21:36
20718415,Ricardo,f,14-01-25 21:34,14-01-25 21:34
56679285,Sagar,f,14-01-25 21:16,14-01-25 21:16
58433789,John,f,14-01-25 20:41,14-01-25 20:41
202344102,Sofia,f,14-01-25 20:29,14-01-25 20:29
641507,Christina,f,14-01-25 20:24,14-01-25 20:24
295857279,Kai,f,14-01-25 20:08,14-01-25 20:08
196545452,Sendhil,f,14-01-25 19:15,14-01-25 19:15
8620491,Juli,f,14-01-25 18:48,14-01-25 18:48
34797363,Prem,f,14-01-25 18:13,14-01-25 18:13
51590153,KwangnO,f,14-01-25 17:35,14-01-25 17:35
32503335,Nadine,f,14-01-25 17:31,14-01-25 17:31
6353600,Lisa,f,14-01-25 17:31,14-01-25 17:31
21177801,Rick Und Katja,f,14-01-25 17:11,14-01-25 17:11
117906291,Tobias,f,14-01-25 17:10,14-01-25 17:10
170153654,Paula,f,14-01-25 16:49,14-01-25 16:49
70748690,Miège,f,14-01-25 16:34,14-01-25 16:34
50081741,Sarah,f,14-01-25 16:11,14-01-25 16:11
18384885,Assaf,f,14-01-25 15:42,14-01-25 15:42
222673220,Diana,f,14-01-25 15:40,14-01-25 15:40
21394478,Anna-Maria,f,14-01-25 15:38,14-01-25 15:38
2557656,Tibor,f,14-01-25 15:31,14-01-25 15:31
3887507,Luka,f,14-01-25 15:16,14-01-25 15:16
274078976,Francesco,f,14-01-25 14:54,14-01-25 14:54
45575503,Jennifer,f,14-01-25 14:44,14-01-25 14:44
33149863,Jaromir,f,14-01-25 14:35,14-01-25 14:35
356445569,Kely,f,14-01-25 14:32,14-01-25 14:32
25413382,Sel,f,14-01-25 14:26,14-01-25 14:26
195867979,Özlem,f,14-01-25 14:14,14-01-25 14:14
4048130,Xica & Samuel,f,14-01-25 13:55,14-01-25 13:55
70192367,Wesley,f,14-01-25 13:41,14-01-25 13:41
50350370,Matthias,f,14-01-25 13:24,14-01-25 13:24
1878115,Dax,f,14-01-25 12:25,14-01-25 12:25
172027240,Fanny,f,14-01-25 12:05,14-01-25 12:05
49845399,Daniel,f,14-01-25 12:02,14-01-25 12:02
222088950,Clarissa,f,14-01-25 11:21,14-01-25 11:21
208272633,Lyudmil,f,14-01-25 11:11,14-01-25 11:11
16250769,Nicolas,f,14-01-25 10:36,14-01-25 10:36
190260192,Hélène,f,14-01-25 10:33,14-01-25 10:33
41250002,Ulrike,f,14-01-25 10:13,14-01-25 10:13
31613861,David,f,14-01-25 10:08,14-01-25 10:08
144900129,Vince,f,14-01-25 10:00,14-01-25 10:00
55367578,Lucia,f,14-01-25 9:55,14-01-25 9:55
6398027,Heather,f,14-01-25 9:49,14-01-25 9:49
25201612,Hassan,f,14-01-25 9:49,14-01-25 9:49
358991427,Julius,f,14-01-25 9:27,14-01-25 9:27
88948601,Sabine,f,14-01-25 9:25,14-01-25 9:25
6043420,Natalija,f,14-01-25 9:13,14-01-25 9:13
115758436,Sarah,f,14-01-25 8:59,14-01-25 8:59
6703283,Sophie,f,14-01-25 8:48,14-01-25 8:48
30199257,Richard,f,14-01-25 8:29,14-01-25 8:29
350095489,Mohit,f,14-01-25 8:18,14-01-25 8:18
259940521,Kefah,f,14-01-25 7:57,14-01-25 7:57
23738283,Jarek,f,14-01-25 7:43,14-01-25 7:43
146706943,Jörg,f,14-01-25 7:35,14-01-25 7:35
275087561,Shqiponje,f,14-01-25 7:33,14-01-25 7:33
67582543,Eli,f,14-01-25 7:15,14-01-25 7:15
36376497,Saber,f,14-01-25 6:48,14-01-25 6:48
10009936,Giovanni,f,14-01-25 6:45,14-01-25 6:45
185914276,Ana,f,14-01-25 5:48,14-01-25 5:48
12364672,Gabor,f,14-01-25 5:33,14-01-25 5:33
10765531,Caro,f,14-01-25 5:17,14-01-25 5:17
373491663,Berlin,f,14-01-25 5:11,14-01-25 5:11
13445553,Bettina,f,14-01-25 4:53,14-01-25 4:53
175804467,Randolf,f,14-01-25 4:42,14-01-25 4:42
166227698,Joakin,f,14-01-25 3:56,14-01-25 3:56
18190953,Sara,f,14-01-25 3:48,14-01-25 3:48
51975484,Eva,f,14-01-25 3:41,14-01-25 3:41
21204295,Maria Cristina,f,14-01-25 3:34,14-01-25 3:34
86528339,Hamun,f,14-01-25 3:29,14-01-25 3:29
50526984,Korbi,f,14-01-25 3:03,14-01-25 3:03
125652413,Toni,f,14-01-25 2:40,14-01-25 2:40
16825237,Maike,f,14-01-25 2:25,14-01-25 2:25
51843024,Berlin Innovation StreetService,f,14-01-25 2:15,14-01-25 2:15
111276639,Luca,f,14-01-25 1:07,14-01-25 1:07
43358860,Jana,f,14-01-25 0:55,14-01-25 0:55
42571558,Bettina Irene,f,14-01-25 0:55,14-01-25 0:55
313552363,Daniyal,f,14-01-25 0:41,14-01-25 0:41
118534678,Markus,f,14-01-25 0:15,14-01-25 0:15
30656497,Maxim,f,14-01-25 0:13,14-01-25 0:13
21924839,Anja,f,13-01-25 23:37,13-01-25 23:37
32900474,Anne-Sophie,f,13-01-25 23:34,13-01-25 23:34
7976555,Noemie,f,13-01-25 23:32,13-01-25 23:32
49788899,Kieran,f,13-01-25 23:09,13-01-25 23:09
89146924,Kais,f,13-01-25 23:06,13-01-25 23:06
30703119,Silke-Christina,f,13-01-25 22:47,13-01-25 22:47
22706480,Alexandre,f,13-01-25 22:38,13-01-25 22:38
371774383,Manuel,f,13-01-25 21:43,13-01-25 21:43
42446331,Benjamin,f,13-01-25 21:39,13-01-25 21:39
170150638,Ines,f,13-01-25 21:16,13-01-25 21:16
16614328,Maria,f,13-01-25 21:13,13-01-25 21:13
12510463,Jacob,f,13-01-25 20:57,13-01-25 20:57
234391,Per,f,13-01-25 20:54,13-01-25 20:54
46303349,Martin,f,13-01-25 20:48,13-01-25 20:48
36228447,Lilli,f,13-01-25 20:34,13-01-25 20:34
162385004,Birgit,f,13-01-25 19:50,13-01-25 19:50
51303476,Thanos,f,13-01-25 19:47,13-01-25 19:47
309650840,Nizam,f,13-01-25 19:37,13-01-25 19:37
4904972,Paula And Billy,t,13-01-25 17:48,13-01-25 17:48
10714794,Rico,f,13-01-25 17:41,13-01-25 17:41
5428701,Jose,f,13-01-25 17:21,13-01-25 17:21
381695091,Samira,f,13-01-25 17:20,13-01-25 17:20
2912028,Stuart,f,13-01-25 17:06,13-01-25 17:06
50822706,Davide,f,13-01-25 16:54,13-01-25 16:54
218426295,Panos,f,13-01-25 16:47,13-01-25 16:47
93520150,Walter,f,13-01-25 16:41,13-01-25 16:41
72109274,Nadja,f,13-01-25 16:25,13-01-25 16:25
39716890,Peter,f,13-01-25 16:22,13-01-25 16:22
55521033,Bruno,f,13-01-25 16:07,13-01-25 16:07
54377152,Kira,f,13-01-25 15:53,13-01-25 15:53
117133393,Martin,f,13-01-25 15:13,13-01-25 15:13
37549029,Karsten,f,13-01-25 15:00,13-01-25 15:00
10169408,Carina,f,13-01-25 14:54,13-01-25 14:54
295353406,Nica,f,13-01-25 14:46,13-01-25 14:46
90121086,Pavao,f,13-01-25 14:45,13-01-25 14:45
10775125,Amundra,f,13-01-25 14:20,13-01-25 14:20
25092314,Eva,f,13-01-25 14:13,13-01-25 14:13
37254922,Thomas,f,13-01-25 14:00,13-01-25 14:00
48919884,Aleksandra,f,13-01-25 13:06,13-01-25 13:06
205773837,Tony,f,13-01-25 12:31,13-01-25 12:31
403428653,Thomas,f,13-01-25 12:23,13-01-25 12:23
109843166,Paolina,f,13-01-25 11:59,13-01-25 11:59
38824272,Francesco,f,13-01-25 11:38,13-01-25 11:38
40657365,Alexandra,f,13-01-25 11:14,13-01-25 11:14
51894996,Lara,f,13-01-25 11:07,13-01-25 11:07
225263350,Sara,f,13-01-25 10:50,13-01-25 10:50
64136102,Tim,f,13-01-25 10:11,13-01-25 10:11
30298984,Anton,f,13-01-25 10:10,13-01-25 10:10
18137582,Lydia,f,13-01-25 10:10,13-01-25 10:10
78385580,Lior,f,13-01-25 9:30,13-01-25 9:30
57302248,Tim,f,13-01-25 9:08,13-01-25 9:08
25257208,Marc,f,13-01-25 8:49,13-01-25 8:49
162695630,Marie,f,13-01-25 8:38,13-01-25 8:38
15753705,Artur,f,13-01-25 8:11,13-01-25 8:11
19344446,Katharina,f,13-01-25 7:58,13-01-25 7:58
45072888,Linda,f,13-01-25 7:46,13-01-25 7:46
30456351,André,f,13-01-25 7:42,13-01-25 7:42
77099099,Denise,f,13-01-25 7:37,13-01-25 7:37
28727915,Stefan,f,13-01-25 7:25,13-01-25 7:25
27155740,Claudio,f,13-01-25 7:01,13-01-25 7:01
198864678,Ebtisam,f,13-01-25 6:53,13-01-25 6:53
74871754,Laura,f,13-01-25 6:48,13-01-25 6:48
205976061,Júlia,f,13-01-25 6:26,13-01-25 6:26
12138510,Sascha,f,13-01-25 5:53,13-01-25 5:53
1086128,,t,13-01-25 5:47,13-01-25 5:47
249285910,Ricardo,f,13-01-25 5:16,13-01-25 5:16
155753831,Ionela,f,13-01-25 5:00,13-01-25 5:00
9422896,James,f,13-01-25 4:49,13-01-25 4:49
314417163,Tobias,f,13-01-25 4:14,13-01-25 4:14
138228310,Thayabaran,f,13-01-25 4:06,13-01-25 4:06
291818104,Stephanie,f,13-01-25 3:55,13-01-25 3:55
61195936,Lukas,f,13-01-25 3:31,13-01-25 3:31
22756527,Saadet,f,13-01-25 3:25,13-01-25 3:25
96198946,Daniel,f,13-01-25 2:58,13-01-25 2:58
38074515,Sune,f,13-01-25 2:40,13-01-25 2:40
38148105,Andrés,f,13-01-25 2:30,13-01-25 2:30
67891464,Marta,f,13-01-25 2:19,13-01-25 2:19
892561,Katrin,f,13-01-25 2:00,13-01-25 2:00
143745627,Helena,f,13-01-25 1:39,13-01-25 1:39
8179399,Isabel,f,13-01-25 1:30,13-01-25 1:30
240774012,Meredith,f,13-01-25 1:15,13-01-25 1:15
420402150,Zain,f,13-01-25 0:55,13-01-25 0:55
33212040,Stuart,f,13-01-25 0:38,13-01-25 0:38
4249784,Eugenia,f,13-01-25 0:15,13-01-25 0:15
34042528,Prateek,f,13-01-25 0:08,13-01-25 0:08
79533499,Frank,f,13-01-25 0:06,13-01-25 0:06
4159856,Marco,f,13-01-25 0:04,13-01-25 0:04