host_id,host_name,is_superhost,created_at,updated_at
69422661,Branislav,f,2025-01-19 23:34:00,2025-01-19 23:34:00
11418916,Nile,f,2025-01-19 23:19:00,2025-01-19 23:19:00
134377307,Anita,f,2025-01-19 22:07:00,2025-01-19 22:07:00
7688174,Tamara,f,2025-01-19 21:15:00,2025-01-19 21:15:00
184661493,Rina Neg,f,2025-01-19 21:04:00,2025-01-19 21:04:00
2587611,Klaus,f,2025-01-19 20:20:00,2025-01-19 20:20:00
1019199,Saskia,f,2025-01-19 20:12:00,2025-01-19 20:12:00
274694797,Yen,f,2025-01-19 19:59:00,2025-01-19 19:59:00
165957729,Jannick,f,2025-01-19 19:56:00,2025-01-19 19:56:00
195006466,Yanina,f,2025-01-19 19:10:00,2025-01-19 19:10:00
63463003,Friederike,f,2025-01-19 19:08:00,2025-01-19 19:08:00
11459975,Oliver & Anja,f,2025-01-19 18:33:00,2025-01-19 18:33:00
467817,Andreas,f,2025-01-19 18:03:00,2025-01-19 18:03:00
27150766,Tomer,f,2025-01-19 17:22:00,2025-01-19 17:22:00
58474737,Jonas,f,2025-01-19 17:01:00,2025-01-19 17:01:00
48273473,Marcel,f,2025-01-19 16:52:00,2025-01-19 16:52:00
19614775,Emre,f,2025-01-19 16:49:00,2025-01-19 16:49:00
21502676,Melanie,f,2025-01-19 16:40:00,2025-01-19 16:40:00
7846233,Dustin,f,2025-01-19 16:39:00,2025-01-19 16:39:00
142575003,Marlene,f,2025-01-19 16:15:00,2025-01-19 16:15:00
259418649,Anna,f,2025-01-19 15:57:00,2025-01-19 15:57:00
3268804,Courtney,f,2025-01-19 15:50:00,2025-01-19 15:50:00
11126428,Farah,f,2025-01-19 15:43:00,2025-01-19 15:43:00
38636780,Nicole,f,2025-01-19 15:32:00,2025-01-19 15:32:00
12757920,Karim,f,2025-01-19 15:05:00,2025-01-19 15:05:00
25504810,Nina,f,2025-01-19 15:04:00,2025-01-19 15:04:00
1325279,Monique,f,2025-01-19 14:51:00,2025-01-19 14:51:00
1819213,Eva,f,2025-01-19 14:14:00,2025-01-19 14:14:00
116235283,Levan,f,2025-01-19 13:56:00,2025-01-19 13:56:00
306477150,Mathis,f,2025-01-19 13:27:00,2025-01-19 13:27:00
26813578,Tamara,f,2025-01-19 13:25:00,2025-01-19 13:25:00
40070030,Wanja,f,2025-01-19 13:16:00,2025-01-19 13:16:00
89520978,Jonas,f,2025-01-19 12:54:00,2025-01-19 12:54:00
4920909,Timm,f,2025-01-19 12:50:00,2025-01-19 12:50:00
152414341,Hesham,f,2025-01-19 12:45:00,2025-01-19 12:45:00
85337726,Jill,f,2025-01-19 12:41:00,2025-01-19 12:41:00
1915791,Andrei,f,2025-01-19 11:52:00,2025-01-19 11:52:00
335854085,Sainab,f,2025-01-19 11:37:00,2025-01-19 11:37:00
86087723,Luca,f,2025-01-19 11:33:00,2025-01-19 11:33:00
9110422,Anja,f,2025-01-19 11:28:00,2025-01-19 11:28:00
2412944,Magdalena,f,2025-01-19 11:23:00,2025-01-19 11:23:00
41199304,Berit,f,2025-01-19 11:21:00,2025-01-19 11:21:00
150288766,Patrick,f,2025-01-19 11:15:00,2025-01-19 11:15:00
319033463,Anian,f,2025-01-19 11:15:00,2025-01-19 11:15:00
39102959,Manuela,f,2025-01-19 11:15:00,2025-01-19 11:15:00
21239469,Stefan,f,2025-01-19 10:57:00,2025-01-19 10:57:00
21239559,Tobias,f,2025-01-19 10:50:00,2025-01-19 10:50:00
19336587,Ayu,f,2025-01-19 10:50:00,2025-01-19 10:50:00
95407160,Marine,f,2025-01-19 10:49:00,2025-01-19 10:49:00
51671248,Layla,f,2025-01-19 10:43:00,2025-01-19 10:43:00
43935521,Johannes,f,2025-01-19 10:36:00,2025-01-19 10:36:00
45572867,Martin,f,2025-01-19 10:31:00,2025-01-19 10:31:00
18238569,Max,f,2025-01-19 10:23:00,2025-01-19 10:23:00
270932564,Ester,f,2025-01-19 10:19:00,2025-01-19 10:19:00
72766229,Oliver,f,2025-01-19 10:13:00,2025-01-19 10:13:00
77631123,Feng,f,2025-01-19 10:07:00,2025-01-19 10:07:00
210979600,Zejna,f,2025-01-19 10:03:00,2025-01-19 10:03:00
3410903,Theodor,f,2025-01-19 09:39:00,2025-01-19 09:39:00
82245405,Klemens,f,2025-01-19 09:26:00,2025-01-19 09:26:00
138694757,Jenny,f,2025-01-19 09:26:00,2025-01-19 09:26:00
149151975,Rita,f,2025-01-19 08:39:00,2025-01-19 08:39:00
63252838,Lukas,f,2025-01-19 08:25:00,2025-01-19 08:25:00
50814368,Nino,f,2025-01-19 08:07:00,2025-01-19 08:07:00
185127873,Angela,f,2025-01-19 08:03:00,2025-01-19 08:03:00
332515272,Torsten,f,2025-01-19 07:38:00,2025-01-19 07:38:00
19297176,Danny,f,2025-01-19 07:33:00,2025-01-19 07:33:00
78396686,Samira,f,2025-01-19 07:04:00,2025-01-19 07:04:00
343362459,Rohan,f,2025-01-19 07:03:00,2025-01-19 07:03:00
42476536,Gesine,f,2025-01-19 07:02:00,2025-01-19 07:02:00
3776656,Florian,f,2025-01-19 06:45:00,2025-01-19 06:45:00
183729511,Philipp,f,2025-01-19 06:36:00,2025-01-19 06:36:00
126621397,Samir,f,2025-01-19 06:12:00,2025-01-19 06:12:00
333116165,Stephanie,f,2025-01-19 05:44:00,2025-01-19 05:44:00
89268468,Renan,f,2025-01-19 05:21:00,2025-01-19 05:21:00
363700882,Maike,f,2025-01-19 05:10:00,2025-01-19 05:10:00
25395752,Vatti,f,2025-01-19 03:21:00,2025-01-19 03:21:00
32052575,Paola,f,2025-01-19 02:09:00,2025-01-19 02:09:00
345964111,Kristian,f,2025-01-19 02:04:00,2025-01-19 02:04:00
48268160,Reini,f,2025-01-19 01:15:00,2025-01-19 01:15:00
131496623,Alexia,f,2025-01-19 01:14:00,2025-01-19 01:14:00
71365406,Audrey,f,2025-01-19 00:51:00,2025-01-19 00:51:00
9139634,Pamela,f,2025-01-19 00:43:00,2025-01-19 00:43:00
369958333,Andreas,f,2025-01-19 00:36:00,2025-01-19 00:36:00
42350439,Jessy,f,2025-01-19 00:35:00,2025-01-19 00:35:00
277979335,Nicolas,f,2025-01-19 00:34:00,2025-01-19 00:34:00
131658946,Valentine,f,2025-01-19 00:25:00,2025-01-19 00:25:00
7775858,Jonas,f,2025-01-18 23:48:00,2025-01-18 23:48:00
57963738,Erguven,f,2025-01-18 23:42:00,2025-01-18 23:42:00
43917936,Stefanie,f,2025-01-18 23:42:00,2025-01-18 23:42:00
112840196,Zoe,f,2025-01-18 23:41:00,2025-01-18 23:41:00
68548589,George,f,2025-01-18 23:19:00,2025-01-18 23:19:00
141289136,Melouka,f,2025-01-18 23:18:00,2025-01-18 23:18:00
41296382,Federico,f,2025-01-18 22:42:00,2025-01-18 22:42:00
215514794,Britta,t,2025-01-18 22:28:00,2025-01-18 22:28:00
3208719,Reshef,f,2025-01-18 22:26:00,2025-01-18 22:26:00
42399854,Leni,f,2025-01-18 21:52:00,2025-01-18 21:52:00
351093370,Peter,f,2025-01-18 21:39:00,2025-01-18 21:39:00
9715630,Annette,f,2025-01-18 21:06:00,2025-01-18 21:06:00
123547522,Richard,f,2025-01-18 21:02:00,2025-01-18 21:02:00
12906416,Charlotte,f,2025-01-18 20:35:00,2025-01-18 20:35:00
235188041,Pedram,f,2025-01-18 20:31:00,2025-01-18 20:31:00
35146426,Clara,f,2025-01-18 19:18:00,2025-01-18 19:18:00
3743292,Marcelo,f,2025-01-18 19:10:00,2025-01-18 19:10:00
70162844,Ebram,f,2025-01-18 19:09:00,2025-01-18 19:09:00
21039758,Valentina,f,2025-01-18 18:33:00,2025-01-18 18:33:00
41848444,Amandara M.,f,2025-01-18 18:20:00,2025-01-18 18:20:00
30338608,Maria,f,2025-01-18 17:54:00,2025-01-18 17:54:00
1095067,Josh,f,2025-01-18 17:48:00,2025-01-18 17:48:00
159614605,Carlos,f,2025-01-18 17:41:00,2025-01-18 17:41:00
12895544,Alexandra,f,2025-01-18 17:38:00,2025-01-18 17:38:00
25561949,Frank,f,2025-01-18 16:37:00,2025-01-18 16:37:00
152068633,Philipp,f,2025-01-18 16:32:00,2025-01-18 16:32:00
80482488,Sonja,f,2025-01-18 16:21:00,2025-01-18 16:21:00
325856414,Markus,f,2025-01-18 16:09:00,2025-01-18 16:09:00
23937038,Simon,f,2025-01-18 16:07:00,2025-01-18 16:07:00
7133966,Vandana,f,2025-01-18 15:40:00,2025-01-18 15:40:00
62304690,Arne,f,2025-01-18 15:32:00,2025-01-18 15:32:00
3432145,Moritz,f,2025-01-18 15:15:00,2025-01-18 15:15:00
19520560,Ivan,f,2025-01-18 15:10:00,2025-01-18 15:10:00
28274520,Stef,f,2025-01-18 15:08:00,2025-01-18 15:08:00
41053818,Blk,f,2025-01-18 14:54:00,2025-01-18 14:54:00
2877982,Christian,f,2025-01-18 14:06:00,2025-01-18 14:06:00
21547435,Dominik,f,2025-01-18 13:58:00,2025-01-18 13:58:00
214951099,Karam,f,2025-01-18 13:19:00,2025-01-18 13:19:00
53158363,Christopher,f,2025-01-18 13:12:00,2025-01-18 13:12:00
45160095,Annette,f,2025-01-18 12:53:00,2025-01-18 12:53:00
22002533,Phillip,f,2025-01-18 12:41:00,2025-01-18 12:41:00
125905477,Matias,f,2025-01-18 12:23:00,2025-01-18 12:23:00
10867269,Resat,f,2025-01-18 12:04:00,2025-01-18 12:04:00
218761980,Hannes,f,2025-01-18 11:49:00,2025-01-18 11:49:00
73542338,Hannah,f,2025-01-18 11:47:00,2025-01-18 11:47:00
20073156,Jeroen,f,2025-01-18 11:43:00,2025-01-18 11:43:00
23538739,Virginio,f,2025-01-18 11:22:00,2025-01-18 11:22:00
9704111,Catherine,f,2025-01-18 11:09:00,2025-01-18 11:09:00
221307440,Arite,f,2025-01-18 10:45:00,2025-01-18 10:45:00
341396019,Lívia,f,2025-01-18 10:43:00,2025-01-18 10:43:00
22767895,Fabio,f,2025-01-18 10:34:00,2025-01-18 10:34:00
31452730,Mouna,f,2025-01-18 10:33:00,2025-01-18 10:33:00
46359595,Christian,f,2025-01-18 10:22:00,2025-01-18 10:22:00
51069713,Sebastian,f,2025-01-18 10:16:00,2025-01-18 10:16:00
19587639,Lila,f,2025-01-18 10:16:00,2025-01-18 10:16:00
9699051,David,f,2025-01-18 09:55:00,2025-01-18 09:55:00
48872858,Robin,f,2025-01-18 09:43:00,2025-01-18 09:43:00
144775899,Janes,f,2025-01-18 09:34:00,2025-01-18 09:34:00
174735694,Luciana,f,2025-01-18 09:32:00,2025-01-18 09:32:00
93328001,Christian,f,2025-01-18 09:12:00,2025-01-18 09:12:00
18084560,Folke,f,2025-01-18 08:38:00,2025-01-18 08:38:00
6923662,Stephan,f,2025-01-18 08:36:00,2025-01-18 08:36:00
207473068,Anne,f,2025-01-18 08:36:00,2025-01-18 08:36:00
154388151,Nick,f,2025-01-18 08:35:00,2025-01-18 08:35:00
18241865,Rafaela,f,2025-01-18 08:28:00,2025-01-18 08:28:00
11896083,Christina,f,2025-01-18 07:53:00,2025-01-18 07:53:00
101520347,Melanie,f,2025-01-18 06:56:00,2025-01-18 06:56:00
259317360,Domenico,f,2025-01-18 06:51:00,2025-01-18 06:51:00
22582175,Blacky,f,2025-01-18 06:49:00,2025-01-18 06:49:00
1174550,Molly,f,2025-01-18 06:33:00,2025-01-18 06:33:00
46149557,Lucia,f,2025-01-18 06:04:00,2025-01-18 06:04:00
216394478,Mustafa,f,2025-01-18 05:59:00,2025-01-18 05:59:00
39895198,Constanze,f,2025-01-18 05:38:00,2025-01-18 05:38:00
67060786,Javier,f,2025-01-18 05:29:00,2025-01-18 05:29:00
21353180,Nadine,f,2025-01-18 05:17:00,2025-01-18 05:17:00
5882316,Shane,f,2025-01-18 04:37:00,2025-01-18 04:37:00
145677064,Ammar,f,2025-01-18 04:12:00,2025-01-18 04:12:00
49469944,Hannes,f,2025-01-18 03:59:00,2025-01-18 03:59:00
5129180,Juliette,f,2025-01-18 03:56:00,2025-01-18 03:56:00
41906597,Greta,f,2025-01-18 03:44:00,2025-01-18 03:44:00
14882027,Madhuri,f,2025-01-18 03:31:00,2025-01-18 03:31:00
129636132,Isabelle,f,2025-01-18 03:25:00,2025-01-18 03:25:00
315280811,Ibrahima,f,2025-01-18 03:04:00,2025-01-18 03:04:00
39032040,Marco,f,2025-01-18 03:02:00,2025-01-18 03:02:00
14012917,Michael,f,2025-01-18 02:37:00,2025-01-18 02:37:00
105148945,Isabel,f,2025-01-18 02:10:00,2025-01-18 02:10:00
59426366,Carolina,f,2025-01-18 02:03:00,2025-01-18 02:03:00
143456084,Luis Abel,f,2025-01-18 02:02:00,2025-01-18 02:02:00
32916140,Dajana,f,2025-01-18 01:58:00,2025-01-18 01:58:00
25449632,Athanasios,f,2025-01-18 00:59:00,2025-01-18 00:59:00
70168685,Cyril,f,2025-01-18 00:41:00,2025-01-18 00:41:00
39830360,Anonymous,t,2025-01-18 00:30:00,2025-01-18 00:30:00
68656621,Ido,f,2025-01-17 23:20:00,2025-01-17 23:20:00
157216702,Jose Enrique,f,2025-01-17 23:11:00,2025-01-17 23:11:00
35851817,Friederike,f,2025-01-17 23:00:00,2025-01-17 23:00:00
3667840,Magdalena,f,2025-01-17 22:50:00,2025-01-17 22:50:00
16657917,Vanessa,f,2025-01-17 22:47:00,2025-01-17 22:47:00
27000163,Kerstin,f,2025-01-17 22:15:00,2025-01-17 22:15:00
331152448,Sarah,f,2025-01-17 22:12:00,2025-01-17 22:12:00
40281005,Sabine G.,f,2025-01-17 21:53:00,2025-01-17 21:53:00
11726509,Philip,f,2025-01-17 21:52:00,2025-01-17 21:52:00
5411484,Naomi,f,2025-01-17 21:31:00,2025-01-17 21:31:00
49971189,Younes,f,2025-01-17 21:12:00,2025-01-17 21:12:00
3920003,Ferdinand,f,2025-01-17 20:21:00,2025-01-17 20:21:00
2685171,Özgür,f,2025-01-17 19:49:00,2025-01-17 19:49:00
39332038,Anton,f,2025-01-17 19:41:00,2025-01-17 19:41:00
38901699,Destina,f,2025-01-17 19:35:00,2025-01-17 19:35:00
26692001,Elena,f,2025-01-17 19:31:00,2025-01-17 19:31:00
12469994,Alessia,f,2025-01-17 18:57:00,2025-01-17 18:57:00
37802104,Johannes,f,2025-01-17 18:42:00,2025-01-17 18:42:00
41472652,Asiya,f,2025-01-17 18:40:00,2025-01-17 18:40:00
48658819,Rocinta,f,2025-01-17 18:40:00,2025-01-17 18:40:00
43770352,Corinne,f,2025-01-17 18:34:00,2025-01-17 18:34:00
34006291,Trajan,f,2025-01-17 18:32:00,2025-01-17 18:32:00
4594271,Christian,f,2025-01-17 18:13:00,2025-01-17 18:13:00
151496165,Fabian,f,2025-01-17 17:54:00,2025-01-17 17:54:00
41812675,Basak,f,2025-01-17 17:40:00,2025-01-17 17:40:00
4687616,Barbara,f,2025-01-17 16:49:00,2025-01-17 16:49:00
10697413,Tanin,f,2025-01-17 16:27:00,2025-01-17 16:27:00
68094397,Lydia Nadia,f,2025-01-17 16:24:00,2025-01-17 16:24:00
154459928,Cla,f,2025-01-17 15:59:00,2025-01-17 15:59:00
101316322,Andreas,f,2025-01-17 15:58:00,2025-01-17 15:58:00
178514024,Sukru,f,2025-01-17 14:41:00,2025-01-17 14:41:00
143939464,Vanessa,f,2025-01-17 14:31:00,2025-01-17 14:31:00
57241645,Klara,f,2025-01-17 13:42:00,2025-01-17 13:42:00
8950990,George,f,2025-01-17 13:30:00,2025-01-17 13:30:00
22232550,Sand,f,2025-01-17 13:07:00,2025-01-17 13:07:00
252938718,Anna,f,2025-01-17 12:39:00,2025-01-17 12:39:00
1003245,Maryna,f,2025-01-17 12:38:00,2025-01-17 12:38:00
12387913,Bertrand,f,2025-01-17 12:08:00,2025-01-17 12:08:00
275374141,Thomas,f,2025-01-17 12:01:00,2025-01-17 12:01:00
219284770,Alex,f,2025-01-17 11:43:00,2025-01-17 11:43:00
252025968,Kanchanjit,f,2025-01-17 11:20:00,2025-01-17 11:20:00
3182096,Marco,f,2025-01-17 11:17:00,2025-01-17 11:17:00
17036855,Catharina,f,2025-01-17 11:16:00,2025-01-17 11:16:00
22658976,Evans Akai,f,2025-01-17 11:13:00,2025-01-17 11:13:00
151072686,Enrico,f,2025-01-17 11:05:00,2025-01-17 11:05:00
121823771,Dandan,f,2025-01-17 10:48:00,2025-01-17 10:48:00
37070340,Frieder,t,2025-01-17 10:24:00,2025-01-17 10:24:00
21158428,Julie,f,2025-01-17 09:36:00,2025-01-17 09:36:00
39634813,Uta,f,2025-01-17 09:28:00,2025-01-17 09:28:00
154653929,Stefan,f,2025-01-17 09:05:00,2025-01-17 09:05:00
17204519,Suzan,f,2025-01-17 09:03:00,2025-01-17 09:03:00
38271725,Ardi,f,2025-01-17 08:53:00,2025-01-17 08:53:00
8196161,Alina,f,2025-01-17 08:04:00,2025-01-17 08:04:00
407253270,Luna-Marlou,f,2025-01-17 07:57:00,2025-01-17 07:57:00
270284539,Marlon,f,2025-01-17 07:42:00,2025-01-17 07:42:00
38523573,Thomas,f,2025-01-17 07:24:00,2025-01-17 07:24:00
159639261,Alex,f,2025-01-17 07:19:00,2025-01-17 07:19:00
198404989,Karina,f,2025-01-17 06:58:00,2025-01-17 06:58:00
77522210,Chloe,f,2025-01-17 06:27:00,2025-01-17 06:27:00
5021050,Natalie,f,2025-01-17 05:32:00,2025-01-17 05:32:00
297937835,Van Minh,f,2025-01-17 05:04:00,2025-01-17 05:04:00
7285808,Sefana,f,2025-01-17 04:59:00,2025-01-17 04:59:00
18137976,Ines,f,2025-01-17 04:44:00,2025-01-17 04:44:00
102047176,Alex,f,2025-01-17 04:04:00,2025-01-17 04:04:00
69245029,Ade,f,2025-01-17 03:58:00,2025-01-17 03:58:00
17807206,Fiona,f,2025-01-17 03:46:00,2025-01-17 03:46:00
182263499,Martin,f,2025-01-17 03:32:00,2025-01-17 03:32:00
49721186,Christian,f,2025-01-17 02:20:00,2025-01-17 02:20:00
157696761,Daniel,f,2025-01-17 02:11:00,2025-01-17 02:11:00
54782146,Mahdi,f,2025-01-17 02:07:00,2025-01-17 02:07:00
316803972,Dajana,f,2025-01-17 01:22:00,2025-01-17 01:22:00
34299847,David,f,2025-01-17 01:04:00,2025-01-17 01:04:00
76959766,Tomi,f,2025-01-17 00:49:00,2025-01-17 00:49:00
315582894,Katrin,f,2025-01-17 00:47:00,2025-01-17 00:47:00
322819820,Yujing,f,2025-01-16 23:43:00,2025-01-16 23:43:00
147333604,B,f,2025-01-16 23:19:00,2025-01-16 23:19:00
5237204,Chri,f,2025-01-16 23:16:00,2025-01-16 23:16:00
37267757,Nikolas,f,2025-01-16 23:15:00,2025-01-16 23:15:00
12786085,Lydia,f,2025-01-16 22:55:00,2025-01-16 22:55:00
63019606,Lexa,f,2025-01-16 22:36:00,2025-01-16 22:36:00
109155992,Emrah,f,2025-01-16 22:29:00,2025-01-16 22:29:00
333981476,Jonathan,f,2025-01-16 22:24:00,2025-01-16 22:24:00
380683890,Sircle,f,2025-01-16 21:33:00,2025-01-16 21:33:00
15005811,Annabelle,f,2025-01-16 21:07:00,2025-01-16 21:07:00
112519239,Ka Wing,f,2025-01-16 21:05:00,2025-01-16 21:05:00
16410152,Fırat,f,2025-01-16 20:56:00,2025-01-16 20:56:00
188345028,Ella,f,2025-01-16 20:11:00,2025-01-16 20:11:00
22978707,Samuel,f,2025-01-16 18:50:00,2025-01-16 18:50:00
53491919,Silvana,f,2025-01-16 18:48:00,2025-01-16 18:48:00
47128495,Jonas,f,2025-01-16 18:47:00,2025-01-16 18:47:00
145003509,Maiara,f,2025-01-16 18:25:00,2025-01-16 18:25:00
52064539,Isa,f,2025-01-16 18:22:00,2025-01-16 18:22:00
27126255,Anna,f,2025-01-16 18:13:00,2025-01-16 18:13:00
3283542,Yarin,f,2025-01-16 17:59:00,2025-01-16 17:59:00
901878,H.,f,2025-01-16 17:53:00,2025-01-16 17:53:00
21669155,Coco,f,2025-01-16 16:36:00,2025-01-16 16:36:00
337663510,Melanie,f,2025-01-16 16:24:00,2025-01-16 16:24:00
150690907,Mara,f,2025-01-16 15:42:00,2025-01-16 15:42:00
16876647,David,f,2025-01-16 15:39:00,2025-01-16 15:39:00
19362010,Jai,f,2025-01-16 15:18:00,2025-01-16 15:18:00
352901812,Helena,f,2025-01-16 14:46:00,2025-01-16 14:46:00
50821931,Gabriel,f,2025-01-16 14:41:00,2025-01-16 14:41:00
147499255,Diana,f,2025-01-16 14:33:00,2025-01-16 14:33:00
14917695,Peter,f,2025-01-16 14:27:00,2025-01-16 14:27:00
6267519,Christopher,f,2025-01-16 14:21:00,2025-01-16 14:21:00
11662035,Maxim,f,2025-01-16 13:47:00,2025-01-16 13:47:00
312172749,Aletto Hotel Kudamm,f,2025-01-16 13:37:00,2025-01-16 13:37:00
37211535,Rachel,f,2025-01-16 13:37:00,2025-01-16 13:37:00
262470855,Marta,f,2025-01-16 13:16:00,2025-01-16 13:16:00
2692472,Ιάσων,f,2025-01-16 13:16:00,2025-01-16 13:16:00
18314951,Camille,f,2025-01-16 13:15:00,2025-01-16 13:15:00
205705714,Natalie,f,2025-01-16 13:14:00,2025-01-16 13:14:00
35120985,Ta,f,2025-01-16 13:13:00,2025-01-16 13:13:00
146921416,Josef,f,2025-01-16 13:11:00,2025-01-16 13:11:00
75158426,Florian,f,2025-01-16 12:36:00,2025-01-16 12:36:00
31647635,Charlotte,f,2025-01-16 11:20:00,2025-01-16 11:20:00
25188349,Tobias,f,2025-01-16 11:09:00,2025-01-16 11:09:00
45719851,Julia,f,2025-01-16 11:09:00,2025-01-16 11:09:00
28285870,Justin,f,2025-01-16 10:25:00,2025-01-16 10:25:00
11716605,Adelina,f,2025-01-16 10:10:00,2025-01-16 10:10:00
3669572,Anna,f,2025-01-16 10:07:00,2025-01-16 10:07:00
235520461,Ralf,f,2025-01-16 09:45:00,2025-01-16 09:45:00
15855118,Stinne Maria,f,2025-01-16 08:45:00,2025-01-16 08:45:00
9964887,Ella,f,2025-01-16 08:42:00,2025-01-16 08:42:00
419013732,Alfouad,f,2025-01-16 08:12:00,2025-01-16 08:12:00
24864601,Manaf,f,2025-01-16 07:53:00,2025-01-16 07:53:00
35630833,Sylvia,f,2025-01-16 07:39:00,2025-01-16 07:39:00
73828853,Moritz,f,2025-01-16 07:32:00,2025-01-16 07:32:00
132302162,Khaled,f,2025-01-16 07:30:00,2025-01-16 07:30:00
47554561,Robert,f,2025-01-16 07:20:00,2025-01-16 07:20:00
271714786,Celio,f,2025-01-16 07:19:00,2025-01-16 07:19:00
36364923,Ma,f,2025-01-16 07:00:00,2025-01-16 07:00:00
46279782,Nash,f,2025-01-16 06:34:00,2025-01-16 06:34:00
142948812,Ali,f,2025-01-16 06:24:00,2025-01-16 06:24:00
115472189,Rouven,f,2025-01-16 06:04:00,2025-01-16 06:04:00
85312132,Sophie,f,2025-01-16 05:26:00,2025-01-16 05:26:00
36784064,Mäwia,f,2025-01-16 05:05:00,2025-01-16 05:05:00
697166,Anton,f,2025-01-16 05:04:00,2025-01-16 05:04:00
44108734,Emma,f,2025-01-16 04:16:00,2025-01-16 04:16:00
8329189,Thomas,f,2025-01-16 04:00:00,2025-01-16 04:00:00
3282971,Sarah,f,2025-01-16 02:31:00,2025-01-16 02:31:00
116736663,Coline,f,2025-01-16 02:11:00,2025-01-16 02:11:00
16288216,Alex,f,2025-01-16 02:09:00,2025-01-16 02:09:00
348779246,Selvi,f,2025-01-16 01:47:00,2025-01-16 01:47:00
30513815,Anonymous,t,2025-01-16 00:34:00,2025-01-16 00:34:00
30106645,Gero,f,2025-01-16 00:32:00,2025-01-16 00:32:00
5226014,Aline,f,2025-01-16 00:10:00,2025-01-16 00:10:00
141545714,Novasol,f,2025-01-16 00:00:00,2025-01-16 00:00:00
24497738,Simon,f,2025-01-15 23:22:00,2025-01-15 23:22:00
24059884,Juliane,f,2025-01-15 23:05:00,2025-01-15 23:05:00
13055420,Nicolas,f,2025-01-15 22:30:00,2025-01-15 22:30:00
45151605,Maike,f,2025-01-15 22:24:00,2025-01-15 22:24:00
32299,Simon,f,2025-01-15 21:27:00,2025-01-15 21:27:00
392608800,Anna,f,2025-01-15 21:27:00,2025-01-15 21:27:00
1030258,Jakob,f,2025-01-15 21:21:00,2025-01-15 21:21:00
63367802,Moritz,f,2025-01-15 20:38:00,2025-01-15 20:38:00
45352166,Katharina,f,2025-01-15 20:18:00,2025-01-15 20:18:00
34821755,Leif,f,2025-01-15 19:15:00,2025-01-15 19:15:00
11805050,Lea,f,2025-01-15 18:52:00,2025-01-15 18:52:00
12362846,Rosbeh,f,2025-01-15 18:51:00,2025-01-15 18:51:00
10367336,Kamil,f,2025-01-15 18:16:00,2025-01-15 18:16:00
22836752,Josi,f,2025-01-15 17:43:00,2025-01-15 17:43:00
2952669,Hannah,f,2025-01-15 17:39:00,2025-01-15 17:39:00
7575304,Mona,f,2025-01-15 17:35:00,2025-01-15 17:35:00
166423400,Gvantsa,f,2025-01-15 17:33:00,2025-01-15 17:33:00
22319933,Christian,f,2025-01-15 17:08:00,2025-01-15 17:08:00
392512441,Jeannine,f,2025-01-15 16:45:00,2025-01-15 16:45:00
24930281,Wula,f,2025-01-15 16:30:00,2025-01-15 16:30:00
66352019,Liubov,f,2025-01-15 16:24:00,2025-01-15 16:24:00
75559255,Luise,f,2025-01-15 16:00:00,2025-01-15 16:00:00
61060190,Romain,f,2025-01-15 15:37:00,2025-01-15 15:37:00
91457234,Ella,f,2025-01-15 15:09:00,2025-01-15 15:09:00
227835898,Zviad,f,2025-01-15 14:53:00,2025-01-15 14:53:00
137948494,Salina,f,2025-01-15 14:24:00,2025-01-15 14:24:00
18483802,Kiki,f,2025-01-15 14:23:00,2025-01-15 14:23:00
2414122,Manuel,f,2025-01-15 12:44:00,2025-01-15 12:44:00
13497890,Nadia,f,2025-01-15 12:33:00,2025-01-15 12:33:00
12046288,Anita,f,2025-01-15 12:14:00,2025-01-15 12:14:00
221731912,Annika,f,2025-01-15 11:54:00,2025-01-15 11:54:00
3248348,Mariya,f,2025-01-15 11:44:00,2025-01-15 11:44:00
239572037,Ana,f,2025-01-15 11:27:00,2025-01-15 11:27:00
45848709,Belinda,f,2025-01-15 11:18:00,2025-01-15 11:18:00
14405869,Julie,f,2025-01-15 11:00:00,2025-01-15 11:00:00
64328126,Henriette,f,2025-01-15 10:53:00,2025-01-15 10:53:00
51720664,Stefanie,f,2025-01-15 10:40:00,2025-01-15 10:40:00
26347897,Inken,f,2025-01-15 10:37:00,2025-01-15 10:37:00
61700071,Data,f,2025-01-15 09:03:00,2025-01-15 09:03:00
338742183,Louise,f,2025-01-15 09:02:00,2025-01-15 09:02:00
10559337,Maria,f,2025-01-15 08:54:00,2025-01-15 08:54:00
876545,Marta,f,2025-01-15 08:31:00,2025-01-15 08:31:00
340980455,Appartments,f,2025-01-15 08:30:00,2025-01-15 08:30:00
160823100,GaboTest,f,2025-01-15 08:11:00,2025-01-15 08:11:00
143275455,Eugen,f,2025-01-15 08:10:00,2025-01-15 08:10:00
128953448,Lew,f,2025-01-15 08:06:00,2025-01-15 08:06:00
37702973,Alicia,f,2025-01-15 07:52:00,2025-01-15 07:52:00
35121227,Nora,f,2025-01-15 07:40:00,2025-01-15 07:40:00
52662658,Andrew,f,2025-01-15 07:23:00,2025-01-15 07:23:00
65226110,Maik,f,2025-01-15 06:58:00,2025-01-15 06:58:00
23101703,Kay,f,2025-01-15 06:53:00,2025-01-15 06:53:00
133340583,Roni,f,2025-01-15 06:26:00,2025-01-15 06:26:00
406120938,Kimberley,f,2025-01-15 05:11:00,2025-01-15 05:11:00
192018470,Flo,f,2025-01-15 05:05:00,2025-01-15 05:05:00
42406759,Sarah,f,2025-01-15 04:52:00,2025-01-15 04:52:00
177597446,Yvonne,f,2025-01-15 04:50:00,2025-01-15 04:50:00
59933257,Andreas,f,2025-01-15 04:21:00,2025-01-15 04:21:00
716475,Hanya,f,2025-01-15 03:41:00,2025-01-15 03:41:00
47458713,Ayelen,f,2025-01-15 03:38:00,2025-01-15 03:38:00
166294,Ann-Kristin,f,2025-01-15 03:17:00,2025-01-15 03:17:00
20025390,Janine,f,2025-01-15 03:15:00,2025-01-15 03:15:00
111970749,Jörg,f,2025-01-15 03:03:00,2025-01-15 03:03:00
33971648,Britt,f,2025-01-15 02:27:00,2025-01-15 02:27:00
113208327,Gianna,f,2025-01-15 02:15:00,2025-01-15 02:15:00
276815132,Bryn,f,2025-01-15 01:18:00,2025-01-15 01:18:00
276573275,Iman,f,2025-01-15 01:11:00,2025-01-15 01:11:00
22894989,Nigel,f,2025-01-15 00:57:00,2025-01-15 00:57:00
228579126,Negin,f,2025-01-15 00:54:00,2025-01-15 00:54:00
35756433,Guillaume,f,2025-01-15 00:35:00,2025-01-15 00:35:00
18028880,Miri,f,2025-01-15 00:10:00,2025-01-15 00:10:00
28801423,Jan,f,2025-01-15 00:01:00,2025-01-15 00:01:00
7715690,Hoai,f,2025-01-14 23:59:00,2025-01-14 23:59:00
62303873,Luisa,f,2025-01-14 23:48:00,2025-01-14 23:48:00
30399447,Julia,f,2025-01-14 23:47:00,2025-01-14 23:47:00
47479755,Katja,f,2025-01-14 23:01:00,2025-01-14 23:01:00
27453143,Mia,f,2025-01-14 22:34:00,2025-01-14 22:34:00
50214277,Giuseppe,f,2025-01-14 22:31:00,2025-01-14 22:31:00
189137873,Leticia,f,2025-01-14 22:28:00,2025-01-14 22:28:00
118543115,Carolin,f,2025-01-14 21:52:00,2025-01-14 21:52:00
203997165,Osman,f,2025-01-14 21:44:00,2025-01-14 21:44:00
1179162,Anna,f,2025-01-14 21:36:00,2025-01-14 21:36:00
20718415,Ricardo,f,2025-01-14 21:34:00,2025-01-14 21:34:00
56679285,Sagar,f,2025-01-14 21:16:00,2025-01-14 21:16:00
58433789,John,f,2025-01-14 20:41:00,2025-01-14 20:41:00
202344102,Sofia,f,2025-01-14 20:29:00,2025-01-14 20:29:00
641507,Christina,f,2025-01-14 20:24:00,2025-01-14 20:24:00
295857279,Kai,f,2025-01-14 20:08:00,2025-01-14 20:08:00
196545452,Sendhil,f,2025-01-14 19:15:00,2025-01-14 19:15:00
8620491,Juli,f,2025-01-14 18:48:00,2025-01-14 18:48:00
34797363,Prem,f,2025-01-14 18:13:00,2025-01-14 18:13:00
51590153,KwangnO,f,2025-01-14 17:35:00,2025-01-14 17:35:00
32503335,Nadine,f,2025-01-14 17:31:00,2025-01-14 17:31:00
6353600,Lisa,f,2025-01-14 17:31:00,2025-01-14 17:31:00
21177801,Rick Und Katja,f,2025-01-14 17:11:00,2025-01-14 17:11:00
117906291,Tobias,f,2025-01-14 17:10:00,2025-01-14 17:10:00
170153654,Paula,f,2025-01-14 16:49:00,2025-01-14 16:49:00
70748690,Miège,f,2025-01-14 16:34:00,2025-01-14 16:34:00
50081741,Sarah,f,2025-01-14 16:11:00,2025-01-14 16:11:00
18384885,Assaf,f,2025-01-14 15:42:00,2025-01-14 15:42:00
222673220,Diana,f,2025-01-14 15:40:00,2025-01-14 15:40:00
21394478,Anna-Maria,f,2025-01-14 15:38:00,2025-01-14 15:38:00
2557656,Tibor,f,2025-01-14 15:31:00,2025-01-14 15:31:00
3887507,Luka,f,2025-01-14 15:16:00,2025-01-14 15:16:00
274078976,Francesco,f,2025-01-14 14:54:00,2025-01-14 14:54:00
45575503,Jennifer,f,2025-01-14 14:44:00,2025-01-14 14:44:00
33149863,Jaromir,f,2025-01-14 14:35:00,2025-01-14 14:35:00
356445569,Kely,f,2025-01-14 14:32:00,2025-01-14 14:32:00
25413382,Sel,f,2025-01-14 14:26:00,2025-01-14 14:26:00
195867979,Özlem,f,2025-01-14 14:14:00,2025-01-14 14:14:00
4048130,Xica & Samuel,f,2025-01-14 13:55:00,2025-01-14 13:55:00
70192367,Wesley,f,2025-01-14 13:41:00,2025-01-14 13:41:00
50350370,Matthias,f,2025-01-14 13:24:00,2025-01-14 13:24:00
1878115,Dax,f,2025-01-14 12:25:00,2025-01-14 12:25:00
172027240,Fanny,f,2025-01-14 12:05:00,2025-01-14 12:05:00
49845399,Daniel,f,2025-01-14 12:02:00,2025-01-14 12:02:00
222088950,Clarissa,f,2025-01-14 11:21:00,2025-01-14 11:21:00
208272633,Lyudmil,f,2025-01-14 11:11:00,2025-01-14 11:11:00
16250769,Nicolas,f,2025-01-14 10:36:00,2025-01-14 10:36:00
190260192,Hélène,f,2025-01-14 10:33:00,2025-01-14 10:33:00
41250002,Ulrike,f,2025-01-14 10:13:00,2025-01-14 10:13:00
31613861,David,f,2025-01-14 10:08:00,2025-01-14 10:08:00
144900129,Vince,f,2025-01-14 10:00:00,2025-01-14 10:00:00
55367578,Lucia,f,2025-01-14 09:55:00,2025-01-14 09:55:00
6398027,Heather,f,2025-01-14 09:49:00,2025-01-14 09:49:00
25201612,Hassan,f,2025-01-14 09:49:00,2025-01-14 09:49:00
358991427,Julius,f,2025-01-14 09:27:00,2025-01-14 09:27:00
88948601,Sabine,f,2025-01-14 09:25:00,2025-01-14 09:25:00
6043420,Natalija,f,2025-01-14 09:13:00,2025-01-14 09:13:00
115758436,Sarah,f,2025-01-14 08:59:00,2025-01-14 08:59:00
6703283,Sophie,f,2025-01-14 08:48:00,2025-01-14 08:48:00
30199257,Richard,f,2025-01-14 08:29:00,2025-01-14 08:29:00
350095489,Mohit,f,2025-01-14 08:18:00,2025-01-14 08:18:00
259940521,Kefah,f,2025-01-14 07:57:00,2025-01-14 07:57:00
23738283,Jarek,f,2025-01-14 07:43:00,2025-01-14 07:43:00
146706943,Jörg,f,2025-01-14 07:35:00,2025-01-14 07:35:00
275087561,Shqiponje,f,2025-01-14 07:33:00,2025-01-14 07:33:00
67582543,Eli,f,2025-01-14 07:15:00,2025-01-14 07:15:00
36376497,Saber,f,2025-01-14 06:48:00,2025-01-14 06:48:00
10009936,Giovanni,f,2025-01-14 06:45:00,2025-01-14 06:45:00
185914276,Ana,f,2025-01-14 05:48:00,2025-01-14 05:48:00
12364672,Gabor,f,2025-01-14 05:33:00,2025-01-14 05:33:00
10765531,Caro,f,2025-01-14 05:17:00,2025-01-14 05:17:00
373491663,Berlin,f,2025-01-14 05:11:00,2025-01-14 05:11:00
13445553,Bettina,f,2025-01-14 04:53:00,2025-01-14 04:53:00
175804467,Randolf,f,2025-01-14 04:42:00,2025-01-14 04:42:00
166227698,Joakin,f,2025-01-14 03:56:00,2025-01-14 03:56:00
18190953,Sara,f,2025-01-14 03:48:00,2025-01-14 03:48:00
51975484,Eva,f,2025-01-14 03:41:00,2025-01-14 03:41:00
21204295,Maria Cristina,f,2025-01-14 03:34:00,2025-01-14 03:34:00
86528339,Hamun,f,2025-01-14 03:29:00,2025-01-14 03:29:00
50526984,Korbi,f,2025-01-14 03:03:00,2025-01-14 03:03:00
125652413,Toni,f,2025-01-14 02:40:00,2025-01-14 02:40:00
16825237,Maike,f,2025-01-14 02:25:00,2025-01-14 02:25:00
51843024,Berlin Innovation StreetService,f,2025-01-14 02:15:00,2025-01-14 02:15:00
111276639,Luca,f,2025-01-14 01:07:00,2025-01-14 01:07:00
43358860,Jana,f,2025-01-14 00:55:00,2025-01-14 00:55:00
42571558,Bettina Irene,f,2025-01-14 00:55:00,2025-01-14 00:55:00
313552363,Daniyal,f,2025-01-14 00:41:00,2025-01-14 00:41:00
118534678,Markus,f,2025-01-14 00:15:00,2025-01-14 00:15:00
30656497,Maxim,f,2025-01-14 00:13:00,2025-01-14 00:13:00
21924839,Anja,f,2025-01-13 23:37:00,2025-01-13 23:37:00
32900474,Anne-Sophie,f,2025-01-13 23:34:00,2025-01-13 23:34:00
7976555,Noemie,f,2025-01-13 23:32:00,2025-01-13 23:32:00
49788899,Kieran,f,2025-01-13 23:09:00,2025-01-13 23:09:00
89146924,Kais,f,2025-01-13 23:06:00,2025-01-13 23:06:00
30703119,Silke-Christina,f,2025-01-13 22:47:00,2025-01-13 22:47:00
22706480,Alexandre,f,2025-01-13 22:38:00,2025-01-13 22:38:00
371774383,Manuel,f,2025-01-13 21:43:00,2025-01-13 21:43:00
42446331,Benjamin,f,2025-01-13 21:39:00,2025-01-13 21:39:00
170150638,Ines,f,2025-01-13 21:16:00,2025-01-13 21:16:00
16614328,Maria,f,2025-01-13 21:13:00,2025-01-13 21:13:00
12510463,Jacob,f,2025-01-13 20:57:00,2025-01-13 20:57:00
234391,Per,f,2025-01-13 20:54:00,2025-01-13 20:54:00
46303349,Martin,f,2025-01-13 20:48:00,2025-01-13 20:48:00
36228447,Lilli,f,2025-01-13 20:34:00,2025-01-13 20:34:00
162385004,Birgit,f,2025-01-13 19:50:00,2025-01-13 19:50:00
51303476,Thanos,f,2025-01-13 19:47:00,2025-01-13 19:47:00
309650840,Nizam,f,2025-01-13 19:37:00,2025-01-13 19:37:00
4904972,Paula And Billy,t,2025-01-13 17:48:00,2025-01-13 17:48:00
10714794,Rico,f,2025-01-13 17:41:00,2025-01-13 17:41:00
5428701,Jose,f,2025-01-13 17:21:00,2025-01-13 17:21:00
381695091,Samira,f,2025-01-13 17:20:00,2025-01-13 17:20:00
2912028,Stuart,f,2025-01-13 17:06:00,2025-01-13 17:06:00
50822706,Davide,f,2025-01-13 16:54:00,2025-01-13 16:54:00
218426295,Panos,f,2025-01-13 16:47:00,2025-01-13 16:47:00
93520150,Walter,f,2025-01-13 16:41:00,2025-01-13 16:41:00
72109274,Nadja,f,2025-01-13 16:25:00,2025-01-13 16:25:00
39716890,Peter,f,2025-01-13 16:22:00,2025-01-13 16:22:00
55521033,Bruno,f,2025-01-13 16:07:00,2025-01-13 16:07:00
54377152,Kira,f,2025-01-13 15:53:00,2025-01-13 15:53:00
117133393,Martin,f,2025-01-13 15:13:00,2025-01-13 15:13:00
37549029,Karsten,f,2025-01-13 15:00:00,2025-01-13 15:00:00
10169408,Carina,f,2025-01-13 14:54:00,2025-01-13 14:54:00
295353406,Nica,f,2025-01-13 14:46:00,2025-01-13 14:46:00
90121086,Pavao,f,2025-01-13 14:45:00,2025-01-13 14:45:00
10775125,Amundra,f,2025-01-13 14:20:00,2025-01-13 14:20:00
25092314,Eva,f,2025-01-13 14:13:00,2025-01-13 14:13:00
37254922,Thomas,f,2025-01-13 14:00:00,2025-01-13 14:00:00
48919884,Aleksandra,f,2025-01-13 13:06:00,2025-01-13 13:06:00
205773837,Tony,f,2025-01-13 12:31:00,2025-01-13 12:31:00
403428653,Thomas,f,2025-01-13 12:23:00,2025-01-13 12:23:00
109843166,Paolina,f,2025-01-13 11:59:00,2025-01-13 11:59:00
38824272,Francesco,f,2025-01-13 11:38:00,2025-01-13 11:38:00
40657365,Alexandra,f,2025-01-13 11:14:00,2025-01-13 11:14:00
51894996,Lara,f,2025-01-13 11:07:00,2025-01-13 11:07:00
225263350,Sara,f,2025-01-13 10:50:00,2025-01-13 10:50:00
64136102,Tim,f,2025-01-13 10:11:00,2025-01-13 10:11:00
30298984,Anton,f,2025-01-13 10:10:00,2025-01-13 10:10:00
18137582,Lydia,f,2025-01-13 10:10:00,2025-01-13 10:10:00
78385580,Lior,f,2025-01-13 09:30:00,2025-01-13 09:30:00
57302248,Tim,f,2025-01-13 09:08:00,2025-01-13 09:08:00
25257208,Marc,f,2025-01-13 08:49:00,2025-01-13 08:49:00
162695630,Marie,f,2025-01-13 08:38:00,2025-01-13 08:38:00
15753705,Artur,f,2025-01-13 08:11:00,2025-01-13 08:11:00
19344446,Katharina,f,2025-01-13 07:58:00,2025-01-13 07:58:00
45072888,Linda,f,2025-01-13 07:46:00,2025-01-13 07:46:00
30456351,André,f,2025-01-13 07:42:00,2025-01-13 07:42:00
77099099,Denise,f,2025-01-13 07:37:00,2025-01-13 07:37:00
28727915,Stefan,f,2025-01-13 07:25:00,2025-01-13 07:25:00
27155740,Claudio,f,2025-01-13 07:01:00,2025-01-13 07:01:00
198864678,Ebtisam,f,2025-01-13 06:53:00,2025-01-13 06:53:00
74871754,Laura,f,2025-01-13 06:48:00,2025-01-13 06:48:00
205976061,Júlia,f,2025-01-13 06:26:00,2025-01-13 06:26:00
12138510,Sascha,f,2025-01-13 05:53:00,2025-01-13 05:53:00
1086128,Anonymous,t,2025-01-13 05:47:00,2025-01-13 05:47:00
249285910,Ricardo,f,2025-01-13 05:16:00,2025-01-13 05:16:00
155753831,Ionela,f,2025-01-13 05:00:00,2025-01-13 05:00:00
9422896,James,f,2025-01-13 04:49:00,2025-01-13 04:49:00
314417163,Tobias,f,2025-01-13 04:14:00,2025-01-13 04:14:00
138228310,Thayabaran,f,2025-01-13 04:06:00,2025-01-13 04:06:00
291818104,Stephanie,f,2025-01-13 03:55:00,2025-01-13 03:55:00
61195936,Lukas,f,2025-01-13 03:31:00,2025-01-13 03:31:00
22756527,Saadet,f,2025-01-13 03:25:00,2025-01-13 03:25:00
96198946,Daniel,f,2025-01-13 02:58:00,2025-01-13 02:58:00
38074515,Sune,f,2025-01-13 02:40:00,2025-01-13 02:40:00
38148105,Andrés,f,2025-01-13 02:30:00,2025-01-13 02:30:00
67891464,Marta,f,2025-01-13 02:19:00,2025-01-13 02:19:00
892561,Katrin,f,2025-01-13 02:00:00,2025-01-13 02:00:00
143745627,Helena,f,2025-01-13 01:39:00,2025-01-13 01:39:00
8179399,Isabel,f,2025-01-13 01:30:00,2025-01-13 01:30:00
240774012,Meredith,f,2025-01-13 01:15:00,2025-01-13 01:15:00
420402150,Zain,f,2025-01-13 00:55:00,2025-01-13 00:55:00
33212040,Stuart,f,2025-01-13 00:38:00,2025-01-13 00:38:00
4249784,Eugenia,f,2025-01-13 00:15:00,2025-01-13 00:15:00
34042528,Prateek,f,2025-01-13 00:08:00,2025-01-13 00:08:00
79533499,Frank,f,2025-01-13 00:06:00,2025-01-13 00:06:00
4159856,Marco,f,2025-01-13 00:04:00,2025-01-13 00:04:00
